Produkt,Internranta,NNUV mot 0
D,14.297 \%,0.005620400
E,15.026 \%,0.000365258
F,13.849 \%,0.008948641